{
    "rmse": 0.6752113230037372,
    "mae": 0.5327043609639378,
    "r2": 0.2763328083929252
}